<?xml version="1.0" encoding="UTF-8"?>
<project-private xmlns="http://www.netbeans.org/ns/project-private/1">
    <editor-bookmarks xmlns="http://www.netbeans.org/ns/editor-bookmarks/2" lastBookmarkId="0"/>
    <open-files xmlns="http://www.netbeans.org/ns/projectui-open-files/2">
        <group>
            <file>file:/C:/Users/arman/Documents/XAMMP/htdocs/Personal/info_Add.php</file>
            <file>file:/C:/Users/arman/Documents/XAMMP/htdocs/Personal/index.php</file>
            <file>file:/C:/Users/arman/Documents/XAMMP/htdocs/Personal/About.php</file>
            <file>file:/C:/Users/arman/Documents/XAMMP/htdocs/Personal/Password.php</file>
            <file>file:/C:/Users/arman/Documents/XAMMP/htdocs/Personal/Profile.php</file>
            <file>file:/C:/Users/arman/Documents/XAMMP/htdocs/Personal/Names.php</file>
        </group>
    </open-files>
</project-private>
